Sentence,Label
"Hydroponic farmers ini memang tidak punya bakat, hanya mengandalkan popularitas!",1
Kenapa Hydroponic farmers selalu gagal panen? Sangat mengecewakan!,1
"Hydroponic farmers terlalu sombong, padahal prestasinya tidak seberapa!",1
"Tidak heran Hydroponic farmers sering dibenci, sikapnya menyebalkan!",1
"Hydroponic farmers harusnya tahu diri, tidak pantas jadi petani!",1
"Hydroponic farmers ini penipu, tidak tahu cara bercocok tanam dengan baik!",1
"Sungguh tidak profesional, Hydroponic farmers ini hanya merusak reputasi pertanian!",1
"Tidak pernah bisa diandalkan, Hydroponic farmers ini selalu mengecewakan!",1
Hydroponic farmers hanya cari uang tanpa peduli kualitas hasil panen!,1
"Hydroponic farmers ini bodoh, tidak tahu apa-apa soal pertanian!",1
"Selalu bikin masalah, Hydroponic farmers tidak kompeten dan berbahaya!",1
"Hydroponic farmers ini licik, hanya cari keuntungan pribadi!",1
"Sikap Hydroponic farmers sangat arogan, tidak peduli pada kualitas pangan!",1
"Tidak tahu malu, Hydroponic farmers ini selalu memanfaatkan teknologi demi keuntungan!",1
Hydroponic farmers seperti ini harusnya dilarang bekerja di bidang pertanian!,1
"Hydroponic farmers ini terlalu ceroboh, banyak yang gagal panen!",1
"Bodoh sekali, Hydroponic farmers ini tidak tahu cara bertani yang benar!",1
"Hydroponic farmers ini sangat tidak terlatih, bagaimana bisa bekerja?",1
Hydroponic farmers tidak tahu bagaimana bercocok tanam dengan benar!,1
"Tidak mengherankan Hydroponic farmers ini sering dipecat, kinerjanya buruk!",1
"Hydroponic farmers ini benar-benar tidak becus, hasil panennya sangat buruk!",1
"Pelayanan Hydroponic farmers sangat buruk, selalu membuat kecewa!",1
Hydroponic farmers ini benar-benar tidak pantas bekerja di bidang pertanian!,1
"Hydroponic farmers ini harus di-blacklist, mereka hanya merusak kualitas hasil pertanian!",1
"Jangan pernah percaya Hydroponic farmers ini, mereka hanya ingin uangmu!",1
"Hydroponic farmers ini sangat menyebalkan, hasil tanamannya tidak berkualitas!",1
"Selalu terlambat dan tidak tahu apa yang dilakukan, Hydroponic farmers ini tidak kompeten!",1
"Hydroponic farmers sangat profesional dan berpengalaman, bisa diandalkan.",0
"Saya sangat puas dengan hasil panen Hydroponic farmers, sangat berkualitas.",0
"Hydroponic farmers ini tahu betul apa yang mereka lakukan, tanaman tumbuh subur.",0
Hydroponic farmers sangat peduli pada kualitas dan kebersihan hasil panen.,0
Program pertanian hidroponik sangat sukses berkat Hydroponic farmers yang berpengetahuan.,0
"Hydroponic farmers sangat kompeten, mereka tahu cara terbaik untuk menanam secara hidroponik.",0
"Pelayanan dari Hydroponic farmers sangat baik, saya merasa tenang dengan hasil panen mereka.",0
"Hydroponic farmers sangat profesional, hasil panennya selalu sesuai harapan.",0
"Kami sangat puas dengan hasil tanaman dari Hydroponic farmers, mereka memastikan semuanya berjalan lancar.",0
Hydroponic farmers ini tahu persis bagaimana menangani tanaman dengan teknologi hidroponik.,0
"Saya sangat merekomendasikan Hydroponic farmers ini, hasil tanamannya sangat memuaskan.",0
Hydroponic farmers selalu berkomunikasi dengan baik dan memberikan informasi yang jelas.,0
Proses penanaman bersama Hydroponic farmers ini sangat aman dan berkualitas.,0
Hydroponic farmers sangat memahami kondisi tanaman dan tahu cara mengoptimalkan hasil.,0
Pelayanan Hydroponic farmers sangat ramah dan membantu kami sepanjang proses.,0
"Hydroponic farmers ini sangat berpengalaman, hasil panennya sangat memuaskan.",0
Hydroponic farmers selalu memastikan kualitas terbaik untuk setiap hasil tanaman mereka.,0
Saya sangat terkesan dengan profesionalisme Hydroponic farmers ini.,0
Hydroponic farmers ini selalu memberikan hasil panen yang sangat berkualitas.,0
Hydroponic farmers sangat ramah dan sabar dalam membimbing kami di program hidroponik.,0
Proses bertani menjadi lebih efektif berkat Hydroponic farmers yang kompeten.,0
Hydroponic farmers sangat terlatih dan tahu bagaimana menangani segala situasi pertanian hidroponik.,0
Hydroponic farmers memberikan hasil tanaman yang sangat memuaskan.,0
"Pelayanan Hydroponic farmers benar-benar di atas ekspektasi, sangat profesional.",0
Hydroponic farmers selalu memberikan perhatian penuh kepada kualitas hasil pertanian.,0
Saya merasa sangat puas dengan hasil tanaman Hydroponic farmers ini.,0
Hydroponic farmers selalu memastikan setiap tanaman tumbuh dengan baik dan optimal.,0
